SectionSource;SectionTarget;Session;Source;Student;Target
fb3e939ba21340019f60609649411b72;da4c98ec26234ffebf5213cb9bf4dad3;26d1afe10fb63f7b0711962297fae98d;Other;e258;Signout
da4c98ec26234ffebf5213cb9bf4dad3;da4c98ec26234ffebf5213cb9bf4dad3;ad859fe4cdae41966f6723ea2d55500b;Signin;e258;Video
da4c98ec26234ffebf5213cb9bf4dad3;da4c98ec26234ffebf5213cb9bf4dad3;ad859fe4cdae41966f6723ea2d55500b;Video;e258;Video
da4c98ec26234ffebf5213cb9bf4dad3;da4c98ec26234ffebf5213cb9bf4dad3;ad859fe4cdae41966f6723ea2d55500b;Video;e258;Video
da4c98ec26234ffebf5213cb9bf4dad3;da4c98ec26234ffebf5213cb9bf4dad3;ad859fe4cdae41966f6723ea2d55500b;Video;e258;Video
da4c98ec26234ffebf5213cb9bf4dad3;da4c98ec26234ffebf5213cb9bf4dad3;ad859fe4cdae41966f6723ea2d55500b;Video;e258;Video
da4c98ec26234ffebf5213cb9bf4dad3;da4c98ec26234ffebf5213cb9bf4dad3;ad859fe4cdae41966f6723ea2d55500b;Video;e258;Video
da4c98ec26234ffebf5213cb9bf4dad3;da4c98ec26234ffebf5213cb9bf4dad3;ad859fe4cdae41966f6723ea2d55500b;Video;e258;Video
da4c98ec26234ffebf5213cb9bf4dad3;da4c98ec26234ffebf5213cb9bf4dad3;ad859fe4cdae41966f6723ea2d55500b;Video;e258;Video
da4c98ec26234ffebf5213cb9bf4dad3;da4c98ec26234ffebf5213cb9bf4dad3;ad859fe4cdae41966f6723ea2d55500b;Video;e258;Video
da4c98ec26234ffebf5213cb9bf4dad3;da4c98ec26234ffebf5213cb9bf4dad3;ad859fe4cdae41966f6723ea2d55500b;Video;e258;Quiz
da4c98ec26234ffebf5213cb9bf4dad3;1d7d5a6b311445069d3cfc4dd0821b98;ad859fe4cdae41966f6723ea2d55500b;Quiz;e258;Other
fb3e939ba21340019f60609649411b72;da4c98ec26234ffebf5213cb9bf4dad3;83ae49471972785bc90f283a4611a4ac;Other;e19;Signout
da4c98ec26234ffebf5213cb9bf4dad3;da4c98ec26234ffebf5213cb9bf4dad3;2c43697b7d5b4c6a88c6c43fc12a0c2f;Signin;e19;Video
da4c98ec26234ffebf5213cb9bf4dad3;da4c98ec26234ffebf5213cb9bf4dad3;2c43697b7d5b4c6a88c6c43fc12a0c2f;Video;e19;Video
da4c98ec26234ffebf5213cb9bf4dad3;da4c98ec26234ffebf5213cb9bf4dad3;2c43697b7d5b4c6a88c6c43fc12a0c2f;Video;e19;Video
da4c98ec26234ffebf5213cb9bf4dad3;da4c98ec26234ffebf5213cb9bf4dad3;2c43697b7d5b4c6a88c6c43fc12a0c2f;Video;e19;Video
da4c98ec26234ffebf5213cb9bf4dad3;da4c98ec26234ffebf5213cb9bf4dad3;2c43697b7d5b4c6a88c6c43fc12a0c2f;Video;e19;Video
da4c98ec26234ffebf5213cb9bf4dad3;da4c98ec26234ffebf5213cb9bf4dad3;2c43697b7d5b4c6a88c6c43fc12a0c2f;Video;e19;Video
da4c98ec26234ffebf5213cb9bf4dad3;da4c98ec26234ffebf5213cb9bf4dad3;2c43697b7d5b4c6a88c6c43fc12a0c2f;Video;e19;Video
da4c98ec26234ffebf5213cb9bf4dad3;da4c98ec26234ffebf5213cb9bf4dad3;2c43697b7d5b4c6a88c6c43fc12a0c2f;Video;e19;Video
da4c98ec26234ffebf5213cb9bf4dad3;da4c98ec26234ffebf5213cb9bf4dad3;2c43697b7d5b4c6a88c6c43fc12a0c2f;Video;e19;Video
da4c98ec26234ffebf5213cb9bf4dad3;da4c98ec26234ffebf5213cb9bf4dad3;2c43697b7d5b4c6a88c6c43fc12a0c2f;Video;e19;Video
da4c98ec26234ffebf5213cb9bf4dad3;da4c98ec26234ffebf5213cb9bf4dad3;2c43697b7d5b4c6a88c6c43fc12a0c2f;Video;e19;Video
da4c98ec26234ffebf5213cb9bf4dad3;da4c98ec26234ffebf5213cb9bf4dad3;2c43697b7d5b4c6a88c6c43fc12a0c2f;Video;e19;Video
da4c98ec26234ffebf5213cb9bf4dad3;da4c98ec26234ffebf5213cb9bf4dad3;2c43697b7d5b4c6a88c6c43fc12a0c2f;Video;e19;Video
fb3e939ba21340019f60609649411b72;da4c98ec26234ffebf5213cb9bf4dad3;86ddc95d543ce6251c304f1b961767de;Other;e16;Signout
da4c98ec26234ffebf5213cb9bf4dad3;da4c98ec26234ffebf5213cb9bf4dad3;7e4916979d1a38c4e9e4c044366e1d58;Signin;e16;Video
da4c98ec26234ffebf5213cb9bf4dad3;da4c98ec26234ffebf5213cb9bf4dad3;7e4916979d1a38c4e9e4c044366e1d58;Video;e16;Video
da4c98ec26234ffebf5213cb9bf4dad3;da4c98ec26234ffebf5213cb9bf4dad3;7e4916979d1a38c4e9e4c044366e1d58;Video;e16;Video
da4c98ec26234ffebf5213cb9bf4dad3;da4c98ec26234ffebf5213cb9bf4dad3;7e4916979d1a38c4e9e4c044366e1d58;Video;e16;Video
da4c98ec26234ffebf5213cb9bf4dad3;da4c98ec26234ffebf5213cb9bf4dad3;7e4916979d1a38c4e9e4c044366e1d58;Video;e16;Video
da4c98ec26234ffebf5213cb9bf4dad3;da4c98ec26234ffebf5213cb9bf4dad3;7e4916979d1a38c4e9e4c044366e1d58;Video;e16;Video
da4c98ec26234ffebf5213cb9bf4dad3;da4c98ec26234ffebf5213cb9bf4dad3;7e4916979d1a38c4e9e4c044366e1d58;Video;e16;Video
da4c98ec26234ffebf5213cb9bf4dad3;da4c98ec26234ffebf5213cb9bf4dad3;7e4916979d1a38c4e9e4c044366e1d58;Video;e16;Video
da4c98ec26234ffebf5213cb9bf4dad3;da4c98ec26234ffebf5213cb9bf4dad3;7e4916979d1a38c4e9e4c044366e1d58;Video;e16;Video
da4c98ec26234ffebf5213cb9bf4dad3;da4c98ec26234ffebf5213cb9bf4dad3;7e4916979d1a38c4e9e4c044366e1d58;Video;e16;Video
da4c98ec26234ffebf5213cb9bf4dad3;da4c98ec26234ffebf5213cb9bf4dad3;7e4916979d1a38c4e9e4c044366e1d58;Video;e16;Video
da4c98ec26234ffebf5213cb9bf4dad3;da4c98ec26234ffebf5213cb9bf4dad3;7e4916979d1a38c4e9e4c044366e1d58;Video;e16;Video
da4c98ec26234ffebf5213cb9bf4dad3;da4c98ec26234ffebf5213cb9bf4dad3;7e4916979d1a38c4e9e4c044366e1d58;Video;e16;Video
da4c98ec26234ffebf5213cb9bf4dad3;da4c98ec26234ffebf5213cb9bf4dad3;7e4916979d1a38c4e9e4c044366e1d58;Video;e16;Video
da4c98ec26234ffebf5213cb9bf4dad3;da4c98ec26234ffebf5213cb9bf4dad3;7e4916979d1a38c4e9e4c044366e1d58;Video;e16;Video
da4c98ec26234ffebf5213cb9bf4dad3;da4c98ec26234ffebf5213cb9bf4dad3;7e4916979d1a38c4e9e4c044366e1d58;Video;e16;Quiz
da4c98ec26234ffebf5213cb9bf4dad3;d2f700a5bb0e49c187a940ddd4e19590;7e4916979d1a38c4e9e4c044366e1d58;Quiz;e16;Other
fb3e939ba21340019f60609649411b72;da4c98ec26234ffebf5213cb9bf4dad3;9b04209d69318b8fd17893adc141262c;Other;e382;Signout
da4c98ec26234ffebf5213cb9bf4dad3;da4c98ec26234ffebf5213cb9bf4dad3;5e8198d7f5fda51c1e199fe34d999406;Signin;e382;Video
da4c98ec26234ffebf5213cb9bf4dad3;da4c98ec26234ffebf5213cb9bf4dad3;5e8198d7f5fda51c1e199fe34d999406;Video;e382;Video
da4c98ec26234ffebf5213cb9bf4dad3;da4c98ec26234ffebf5213cb9bf4dad3;5e8198d7f5fda51c1e199fe34d999406;Video;e382;Video
da4c98ec26234ffebf5213cb9bf4dad3;da4c98ec26234ffebf5213cb9bf4dad3;5e8198d7f5fda51c1e199fe34d999406;Video;e382;Video
da4c98ec26234ffebf5213cb9bf4dad3;da4c98ec26234ffebf5213cb9bf4dad3;5e8198d7f5fda51c1e199fe34d999406;Video;e382;Video
da4c98ec26234ffebf5213cb9bf4dad3;da4c98ec26234ffebf5213cb9bf4dad3;5e8198d7f5fda51c1e199fe34d999406;Video;e382;Video
da4c98ec26234ffebf5213cb9bf4dad3;da4c98ec26234ffebf5213cb9bf4dad3;5e8198d7f5fda51c1e199fe34d999406;Video;e382;Video
da4c98ec26234ffebf5213cb9bf4dad3;da4c98ec26234ffebf5213cb9bf4dad3;5e8198d7f5fda51c1e199fe34d999406;Video;e382;Video
da4c98ec26234ffebf5213cb9bf4dad3;da4c98ec26234ffebf5213cb9bf4dad3;5e8198d7f5fda51c1e199fe34d999406;Video;e382;Video
da4c98ec26234ffebf5213cb9bf4dad3;da4c98ec26234ffebf5213cb9bf4dad3;5e8198d7f5fda51c1e199fe34d999406;Video;e382;Video
da4c98ec26234ffebf5213cb9bf4dad3;da4c98ec26234ffebf5213cb9bf4dad3;5e8198d7f5fda51c1e199fe34d999406;Video;e382;Video
da4c98ec26234ffebf5213cb9bf4dad3;da4c98ec26234ffebf5213cb9bf4dad3;5e8198d7f5fda51c1e199fe34d999406;Video;e382;Video
da4c98ec26234ffebf5213cb9bf4dad3;da4c98ec26234ffebf5213cb9bf4dad3;5e8198d7f5fda51c1e199fe34d999406;Video;e382;Video
da4c98ec26234ffebf5213cb9bf4dad3;df13b37d70964faf88cfb44b7a36ac55;5e8198d7f5fda51c1e199fe34d999406;Video;e382;Other
fb3e939ba21340019f60609649411b72;da4c98ec26234ffebf5213cb9bf4dad3;6d4f12cba42a38790a956dc982e3345c;Other;e383;Quiz
da4c98ec26234ffebf5213cb9bf4dad3;3136d5e86b6a4345a1a8081d155f8131;19c38391a039290c3b2e44dcb014eb3b;Quiz;e383;Other
fb3e939ba21340019f60609649411b72;da4c98ec26234ffebf5213cb9bf4dad3;56c2d58823c21d1d663d102115e0fb4d;Other;e384;Quiz
da4c98ec26234ffebf5213cb9bf4dad3;3136d5e86b6a4345a1a8081d155f8131;56c2d58823c21d1d663d102115e0fb4d;Quiz;e384;Other
fb3e939ba21340019f60609649411b72;da4c98ec26234ffebf5213cb9bf4dad3;0a5b3317d4bad714c6ed09eae3d076e0;Other;e385;Signout
da4c98ec26234ffebf5213cb9bf4dad3;da4c98ec26234ffebf5213cb9bf4dad3;64b736ec1ade25c067265fe47b093bf1;Signin;e385;Video
da4c98ec26234ffebf5213cb9bf4dad3;da4c98ec26234ffebf5213cb9bf4dad3;64b736ec1ade25c067265fe47b093bf1;Video;e385;Quiz
da4c98ec26234ffebf5213cb9bf4dad3;da4c98ec26234ffebf5213cb9bf4dad3;64b736ec1ade25c067265fe47b093bf1;Quiz;e385;Video
da4c98ec26234ffebf5213cb9bf4dad3;da4c98ec26234ffebf5213cb9bf4dad3;64b736ec1ade25c067265fe47b093bf1;Video;e385;Video
da4c98ec26234ffebf5213cb9bf4dad3;da4c98ec26234ffebf5213cb9bf4dad3;64b736ec1ade25c067265fe47b093bf1;Video;e385;Video
da4c98ec26234ffebf5213cb9bf4dad3;da4c98ec26234ffebf5213cb9bf4dad3;64b736ec1ade25c067265fe47b093bf1;Video;e385;Video
da4c98ec26234ffebf5213cb9bf4dad3;da4c98ec26234ffebf5213cb9bf4dad3;64b736ec1ade25c067265fe47b093bf1;Video;e385;Video
da4c98ec26234ffebf5213cb9bf4dad3;da4c98ec26234ffebf5213cb9bf4dad3;64b736ec1ade25c067265fe47b093bf1;Video;e385;Video
da4c98ec26234ffebf5213cb9bf4dad3;da4c98ec26234ffebf5213cb9bf4dad3;64b736ec1ade25c067265fe47b093bf1;Video;e385;Video
da4c98ec26234ffebf5213cb9bf4dad3;da4c98ec26234ffebf5213cb9bf4dad3;64b736ec1ade25c067265fe47b093bf1;Video;e385;Video
da4c98ec26234ffebf5213cb9bf4dad3;da4c98ec26234ffebf5213cb9bf4dad3;64b736ec1ade25c067265fe47b093bf1;Video;e385;Video
da4c98ec26234ffebf5213cb9bf4dad3;d2f700a5bb0e49c187a940ddd4e19590;64b736ec1ade25c067265fe47b093bf1;Video;e385;Other
fb3e939ba21340019f60609649411b72;da4c98ec26234ffebf5213cb9bf4dad3;9970988617f37590e67ea85d6f5303da;Other;e385;Video
da4c98ec26234ffebf5213cb9bf4dad3;3136d5e86b6a4345a1a8081d155f8131;9970988617f37590e67ea85d6f5303da;Video;e385;Other
fb3e939ba21340019f60609649411b72;da4c98ec26234ffebf5213cb9bf4dad3;f6209071947cdac2a9b63e8e615f53ba;Other;e386;Quiz
da4c98ec26234ffebf5213cb9bf4dad3;3136d5e86b6a4345a1a8081d155f8131;443f973cb0e7b7e702863328fa932ab5;Quiz;e386;Other
fb3e939ba21340019f60609649411b72;da4c98ec26234ffebf5213cb9bf4dad3;22bf8122df6b7dc340b2d0c6e18e3aba;Other;e388;Signout
da4c98ec26234ffebf5213cb9bf4dad3;da4c98ec26234ffebf5213cb9bf4dad3;039f15d180ed1d717ebcdf391b3ef412;Signin;e388;Quiz
da4c98ec26234ffebf5213cb9bf4dad3;3136d5e86b6a4345a1a8081d155f8131;039f15d180ed1d717ebcdf391b3ef412;Quiz;e388;Other
fb3e939ba21340019f60609649411b72;da4c98ec26234ffebf5213cb9bf4dad3;ccf96478cd58d9f2c650617acbe6a6af;Other;e120;Video
da4c98ec26234ffebf5213cb9bf4dad3;da4c98ec26234ffebf5213cb9bf4dad3;ccf96478cd58d9f2c650617acbe6a6af;Video;e120;Video
da4c98ec26234ffebf5213cb9bf4dad3;da4c98ec26234ffebf5213cb9bf4dad3;ccf96478cd58d9f2c650617acbe6a6af;Video;e120;Video
df13b37d70964faf88cfb44b7a36ac55;da4c98ec26234ffebf5213cb9bf4dad3;e562db6f8b54e35afb4330a728776aa4;Other;e221;Quiz
da4c98ec26234ffebf5213cb9bf4dad3;3136d5e86b6a4345a1a8081d155f8131;4e69c6c1993b5b344cf6d3aee1452a1a;Quiz;e221;Other
df13b37d70964faf88cfb44b7a36ac55;da4c98ec26234ffebf5213cb9bf4dad3;1ba2c9995423350d89bb9ff59bed9f3f;Other;e409;Signout
da4c98ec26234ffebf5213cb9bf4dad3;da4c98ec26234ffebf5213cb9bf4dad3;e425aa5a3633151532fff707af445da6;Signin;e409;Video
da4c98ec26234ffebf5213cb9bf4dad3;da4c98ec26234ffebf5213cb9bf4dad3;e425aa5a3633151532fff707af445da6;Video;e409;Video
da4c98ec26234ffebf5213cb9bf4dad3;da4c98ec26234ffebf5213cb9bf4dad3;e425aa5a3633151532fff707af445da6;Video;e409;Video
da4c98ec26234ffebf5213cb9bf4dad3;da4c98ec26234ffebf5213cb9bf4dad3;e425aa5a3633151532fff707af445da6;Video;e409;Video
da4c98ec26234ffebf5213cb9bf4dad3;da4c98ec26234ffebf5213cb9bf4dad3;e425aa5a3633151532fff707af445da6;Video;e409;Video
da4c98ec26234ffebf5213cb9bf4dad3;da4c98ec26234ffebf5213cb9bf4dad3;e425aa5a3633151532fff707af445da6;Video;e409;Video
da4c98ec26234ffebf5213cb9bf4dad3;da4c98ec26234ffebf5213cb9bf4dad3;e425aa5a3633151532fff707af445da6;Video;e409;Video
da4c98ec26234ffebf5213cb9bf4dad3;da4c98ec26234ffebf5213cb9bf4dad3;e425aa5a3633151532fff707af445da6;Video;e409;Video
da4c98ec26234ffebf5213cb9bf4dad3;da4c98ec26234ffebf5213cb9bf4dad3;e425aa5a3633151532fff707af445da6;Video;e409;Video
da4c98ec26234ffebf5213cb9bf4dad3;da4c98ec26234ffebf5213cb9bf4dad3;e425aa5a3633151532fff707af445da6;Video;e409;Video
fb3e939ba21340019f60609649411b72;da4c98ec26234ffebf5213cb9bf4dad3;0e204b2bef382376e557411c4887a77f;Other;e242;Video
da4c98ec26234ffebf5213cb9bf4dad3;da4c98ec26234ffebf5213cb9bf4dad3;0e204b2bef382376e557411c4887a77f;Video;e242;Video
da4c98ec26234ffebf5213cb9bf4dad3;da4c98ec26234ffebf5213cb9bf4dad3;0e204b2bef382376e557411c4887a77f;Video;e242;Video
da4c98ec26234ffebf5213cb9bf4dad3;da4c98ec26234ffebf5213cb9bf4dad3;0e204b2bef382376e557411c4887a77f;Video;e242;Quiz
da4c98ec26234ffebf5213cb9bf4dad3;3136d5e86b6a4345a1a8081d155f8131;0e204b2bef382376e557411c4887a77f;Quiz;e242;Other
fb3e939ba21340019f60609649411b72;da4c98ec26234ffebf5213cb9bf4dad3;7d1b17c908525867790b7e5406ab9dba;Other;e390;Signout
da4c98ec26234ffebf5213cb9bf4dad3;da4c98ec26234ffebf5213cb9bf4dad3;abd98b011ace9ac48816eee6e683d5b3;Signin;e390;Video
da4c98ec26234ffebf5213cb9bf4dad3;da4c98ec26234ffebf5213cb9bf4dad3;abd98b011ace9ac48816eee6e683d5b3;Video;e390;Video
da4c98ec26234ffebf5213cb9bf4dad3;da4c98ec26234ffebf5213cb9bf4dad3;abd98b011ace9ac48816eee6e683d5b3;Video;e390;Video
da4c98ec26234ffebf5213cb9bf4dad3;da4c98ec26234ffebf5213cb9bf4dad3;abd98b011ace9ac48816eee6e683d5b3;Video;e390;Video
da4c98ec26234ffebf5213cb9bf4dad3;da4c98ec26234ffebf5213cb9bf4dad3;abd98b011ace9ac48816eee6e683d5b3;Video;e390;Video
da4c98ec26234ffebf5213cb9bf4dad3;da4c98ec26234ffebf5213cb9bf4dad3;abd98b011ace9ac48816eee6e683d5b3;Video;e390;Video
da4c98ec26234ffebf5213cb9bf4dad3;da4c98ec26234ffebf5213cb9bf4dad3;abd98b011ace9ac48816eee6e683d5b3;Video;e390;Video
da4c98ec26234ffebf5213cb9bf4dad3;da4c98ec26234ffebf5213cb9bf4dad3;abd98b011ace9ac48816eee6e683d5b3;Video;e390;Video
da4c98ec26234ffebf5213cb9bf4dad3;da4c98ec26234ffebf5213cb9bf4dad3;abd98b011ace9ac48816eee6e683d5b3;Video;e390;Video
da4c98ec26234ffebf5213cb9bf4dad3;da4c98ec26234ffebf5213cb9bf4dad3;abd98b011ace9ac48816eee6e683d5b3;Video;e390;Video
fb3e939ba21340019f60609649411b72;da4c98ec26234ffebf5213cb9bf4dad3;9081c51315eaccb0160338476a57b020;Other;e233;Video
da4c98ec26234ffebf5213cb9bf4dad3;da4c98ec26234ffebf5213cb9bf4dad3;9081c51315eaccb0160338476a57b020;Video;e233;Signout
da4c98ec26234ffebf5213cb9bf4dad3;da4c98ec26234ffebf5213cb9bf4dad3;c1a55f2b424a0c2dcd930004f0f41c19;Signin;e233;Quiz
da4c98ec26234ffebf5213cb9bf4dad3;da4c98ec26234ffebf5213cb9bf4dad3;c1a55f2b424a0c2dcd930004f0f41c19;Quiz;e233;Signout
da4c98ec26234ffebf5213cb9bf4dad3;da4c98ec26234ffebf5213cb9bf4dad3;928807e3837dd6b0e8227d1cbe45bc65;Signin;e233;Video
da4c98ec26234ffebf5213cb9bf4dad3;3136d5e86b6a4345a1a8081d155f8131;928807e3837dd6b0e8227d1cbe45bc65;Video;e233;Other
fb3e939ba21340019f60609649411b72;da4c98ec26234ffebf5213cb9bf4dad3;878b047cb77bfa784daeaecf5811e88c;Other;e78;Video
da4c98ec26234ffebf5213cb9bf4dad3;da4c98ec26234ffebf5213cb9bf4dad3;878b047cb77bfa784daeaecf5811e88c;Video;e78;Video
da4c98ec26234ffebf5213cb9bf4dad3;da4c98ec26234ffebf5213cb9bf4dad3;878b047cb77bfa784daeaecf5811e88c;Video;e78;Video
da4c98ec26234ffebf5213cb9bf4dad3;da4c98ec26234ffebf5213cb9bf4dad3;878b047cb77bfa784daeaecf5811e88c;Video;e78;Video
da4c98ec26234ffebf5213cb9bf4dad3;da4c98ec26234ffebf5213cb9bf4dad3;878b047cb77bfa784daeaecf5811e88c;Video;e78;Video
da4c98ec26234ffebf5213cb9bf4dad3;da4c98ec26234ffebf5213cb9bf4dad3;878b047cb77bfa784daeaecf5811e88c;Video;e78;Video
da4c98ec26234ffebf5213cb9bf4dad3;da4c98ec26234ffebf5213cb9bf4dad3;878b047cb77bfa784daeaecf5811e88c;Video;e78;Video
da4c98ec26234ffebf5213cb9bf4dad3;da4c98ec26234ffebf5213cb9bf4dad3;878b047cb77bfa784daeaecf5811e88c;Video;e78;Video
da4c98ec26234ffebf5213cb9bf4dad3;da4c98ec26234ffebf5213cb9bf4dad3;878b047cb77bfa784daeaecf5811e88c;Video;e78;Video
da4c98ec26234ffebf5213cb9bf4dad3;da4c98ec26234ffebf5213cb9bf4dad3;878b047cb77bfa784daeaecf5811e88c;Video;e78;Video
da4c98ec26234ffebf5213cb9bf4dad3;da4c98ec26234ffebf5213cb9bf4dad3;878b047cb77bfa784daeaecf5811e88c;Video;e78;Video
da4c98ec26234ffebf5213cb9bf4dad3;da4c98ec26234ffebf5213cb9bf4dad3;878b047cb77bfa784daeaecf5811e88c;Video;e78;Quiz
da4c98ec26234ffebf5213cb9bf4dad3;1d7d5a6b311445069d3cfc4dd0821b98;878b047cb77bfa784daeaecf5811e88c;Quiz;e78;Other
fb3e939ba21340019f60609649411b72;da4c98ec26234ffebf5213cb9bf4dad3;ff1401c405a0e7cdf5e723a41d32bf74;Other;e182;Video
da4c98ec26234ffebf5213cb9bf4dad3;da4c98ec26234ffebf5213cb9bf4dad3;ff1401c405a0e7cdf5e723a41d32bf74;Video;e182;Video
da4c98ec26234ffebf5213cb9bf4dad3;da4c98ec26234ffebf5213cb9bf4dad3;ff1401c405a0e7cdf5e723a41d32bf74;Video;e182;Quiz
da4c98ec26234ffebf5213cb9bf4dad3;3136d5e86b6a4345a1a8081d155f8131;ff1401c405a0e7cdf5e723a41d32bf74;Quiz;e182;Other
fb3e939ba21340019f60609649411b72;da4c98ec26234ffebf5213cb9bf4dad3;e7feae120130235d7409f29375d00ed8;Other;e182;Video
da4c98ec26234ffebf5213cb9bf4dad3;da4c98ec26234ffebf5213cb9bf4dad3;e7feae120130235d7409f29375d00ed8;Video;e182;Video
da4c98ec26234ffebf5213cb9bf4dad3;da4c98ec26234ffebf5213cb9bf4dad3;e7feae120130235d7409f29375d00ed8;Video;e182;Video
da4c98ec26234ffebf5213cb9bf4dad3;da4c98ec26234ffebf5213cb9bf4dad3;e7feae120130235d7409f29375d00ed8;Video;e182;Video
da4c98ec26234ffebf5213cb9bf4dad3;da4c98ec26234ffebf5213cb9bf4dad3;e7feae120130235d7409f29375d00ed8;Video;e182;Video
da4c98ec26234ffebf5213cb9bf4dad3;da4c98ec26234ffebf5213cb9bf4dad3;e7feae120130235d7409f29375d00ed8;Video;e182;Video
;da4c98ec26234ffebf5213cb9bf4dad3;ff395922bcd833e659e8bd66ea5bf7d2;Other;e184;Video
da4c98ec26234ffebf5213cb9bf4dad3;da4c98ec26234ffebf5213cb9bf4dad3;ff395922bcd833e659e8bd66ea5bf7d2;Video;e184;Video
da4c98ec26234ffebf5213cb9bf4dad3;da4c98ec26234ffebf5213cb9bf4dad3;ff395922bcd833e659e8bd66ea5bf7d2;Video;e184;Video
da4c98ec26234ffebf5213cb9bf4dad3;da4c98ec26234ffebf5213cb9bf4dad3;ff395922bcd833e659e8bd66ea5bf7d2;Video;e184;Video
da4c98ec26234ffebf5213cb9bf4dad3;da4c98ec26234ffebf5213cb9bf4dad3;ff395922bcd833e659e8bd66ea5bf7d2;Video;e184;Video
da4c98ec26234ffebf5213cb9bf4dad3;da4c98ec26234ffebf5213cb9bf4dad3;ff395922bcd833e659e8bd66ea5bf7d2;Video;e184;Video
da4c98ec26234ffebf5213cb9bf4dad3;da4c98ec26234ffebf5213cb9bf4dad3;ff395922bcd833e659e8bd66ea5bf7d2;Video;e184;Signout
da4c98ec26234ffebf5213cb9bf4dad3;da4c98ec26234ffebf5213cb9bf4dad3;0849a24acd62296f496ab2fed39de8a7;Signin;e184;Quiz
da4c98ec26234ffebf5213cb9bf4dad3;d2f700a5bb0e49c187a940ddd4e19590;0849a24acd62296f496ab2fed39de8a7;Quiz;e184;Other
df13b37d70964faf88cfb44b7a36ac55;da4c98ec26234ffebf5213cb9bf4dad3;24d6390c02e712841281c3bed3e1df5e;Other;e185;Signout
da4c98ec26234ffebf5213cb9bf4dad3;da4c98ec26234ffebf5213cb9bf4dad3;a728b99b7093ab3c74d6c41583c7cb80;Signin;e185;Video
da4c98ec26234ffebf5213cb9bf4dad3;da4c98ec26234ffebf5213cb9bf4dad3;a728b99b7093ab3c74d6c41583c7cb80;Video;e185;Video
da4c98ec26234ffebf5213cb9bf4dad3;da4c98ec26234ffebf5213cb9bf4dad3;a728b99b7093ab3c74d6c41583c7cb80;Video;e185;Video
da4c98ec26234ffebf5213cb9bf4dad3;fb3e939ba21340019f60609649411b72;a728b99b7093ab3c74d6c41583c7cb80;Video;e185;Other
fb3e939ba21340019f60609649411b72;da4c98ec26234ffebf5213cb9bf4dad3;c67ba3e8eca24deebad9ab791bfb5c32;Other;e4;Video
da4c98ec26234ffebf5213cb9bf4dad3;da4c98ec26234ffebf5213cb9bf4dad3;c67ba3e8eca24deebad9ab791bfb5c32;Video;e4;Video
da4c98ec26234ffebf5213cb9bf4dad3;da4c98ec26234ffebf5213cb9bf4dad3;c67ba3e8eca24deebad9ab791bfb5c32;Video;e4;Video
da4c98ec26234ffebf5213cb9bf4dad3;da4c98ec26234ffebf5213cb9bf4dad3;c67ba3e8eca24deebad9ab791bfb5c32;Video;e4;Video
da4c98ec26234ffebf5213cb9bf4dad3;da4c98ec26234ffebf5213cb9bf4dad3;c67ba3e8eca24deebad9ab791bfb5c32;Video;e4;Video
da4c98ec26234ffebf5213cb9bf4dad3;da4c98ec26234ffebf5213cb9bf4dad3;c67ba3e8eca24deebad9ab791bfb5c32;Video;e4;Video
da4c98ec26234ffebf5213cb9bf4dad3;da4c98ec26234ffebf5213cb9bf4dad3;c67ba3e8eca24deebad9ab791bfb5c32;Video;e4;Video
da4c98ec26234ffebf5213cb9bf4dad3;da4c98ec26234ffebf5213cb9bf4dad3;c67ba3e8eca24deebad9ab791bfb5c32;Video;e4;Video
da4c98ec26234ffebf5213cb9bf4dad3;da4c98ec26234ffebf5213cb9bf4dad3;c67ba3e8eca24deebad9ab791bfb5c32;Video;e4;Video
da4c98ec26234ffebf5213cb9bf4dad3;da4c98ec26234ffebf5213cb9bf4dad3;c67ba3e8eca24deebad9ab791bfb5c32;Video;e4;Video
da4c98ec26234ffebf5213cb9bf4dad3;da4c98ec26234ffebf5213cb9bf4dad3;c67ba3e8eca24deebad9ab791bfb5c32;Video;e4;Video
da4c98ec26234ffebf5213cb9bf4dad3;da4c98ec26234ffebf5213cb9bf4dad3;c67ba3e8eca24deebad9ab791bfb5c32;Video;e4;Video
da4c98ec26234ffebf5213cb9bf4dad3;da4c98ec26234ffebf5213cb9bf4dad3;c67ba3e8eca24deebad9ab791bfb5c32;Video;e4;Video
da4c98ec26234ffebf5213cb9bf4dad3;da4c98ec26234ffebf5213cb9bf4dad3;c67ba3e8eca24deebad9ab791bfb5c32;Video;e4;Video
da4c98ec26234ffebf5213cb9bf4dad3;da4c98ec26234ffebf5213cb9bf4dad3;c67ba3e8eca24deebad9ab791bfb5c32;Video;e4;Video
da4c98ec26234ffebf5213cb9bf4dad3;da4c98ec26234ffebf5213cb9bf4dad3;c67ba3e8eca24deebad9ab791bfb5c32;Video;e4;Video
da4c98ec26234ffebf5213cb9bf4dad3;da4c98ec26234ffebf5213cb9bf4dad3;c67ba3e8eca24deebad9ab791bfb5c32;Video;e4;Video
da4c98ec26234ffebf5213cb9bf4dad3;da4c98ec26234ffebf5213cb9bf4dad3;c67ba3e8eca24deebad9ab791bfb5c32;Video;e4;Video
da4c98ec26234ffebf5213cb9bf4dad3;da4c98ec26234ffebf5213cb9bf4dad3;c67ba3e8eca24deebad9ab791bfb5c32;Video;e4;Video
da4c98ec26234ffebf5213cb9bf4dad3;da4c98ec26234ffebf5213cb9bf4dad3;c67ba3e8eca24deebad9ab791bfb5c32;Video;e4;Video
da4c98ec26234ffebf5213cb9bf4dad3;da4c98ec26234ffebf5213cb9bf4dad3;c67ba3e8eca24deebad9ab791bfb5c32;Video;e4;Video
da4c98ec26234ffebf5213cb9bf4dad3;da4c98ec26234ffebf5213cb9bf4dad3;c67ba3e8eca24deebad9ab791bfb5c32;Video;e4;Video
da4c98ec26234ffebf5213cb9bf4dad3;da4c98ec26234ffebf5213cb9bf4dad3;c67ba3e8eca24deebad9ab791bfb5c32;Video;e4;Video
da4c98ec26234ffebf5213cb9bf4dad3;da4c98ec26234ffebf5213cb9bf4dad3;c67ba3e8eca24deebad9ab791bfb5c32;Video;e4;Video
da4c98ec26234ffebf5213cb9bf4dad3;da4c98ec26234ffebf5213cb9bf4dad3;c67ba3e8eca24deebad9ab791bfb5c32;Video;e4;Video
da4c98ec26234ffebf5213cb9bf4dad3;da4c98ec26234ffebf5213cb9bf4dad3;c67ba3e8eca24deebad9ab791bfb5c32;Video;e4;Video
da4c98ec26234ffebf5213cb9bf4dad3;da4c98ec26234ffebf5213cb9bf4dad3;c67ba3e8eca24deebad9ab791bfb5c32;Video;e4;Video
da4c98ec26234ffebf5213cb9bf4dad3;da4c98ec26234ffebf5213cb9bf4dad3;c67ba3e8eca24deebad9ab791bfb5c32;Video;e4;Video
da4c98ec26234ffebf5213cb9bf4dad3;da4c98ec26234ffebf5213cb9bf4dad3;c67ba3e8eca24deebad9ab791bfb5c32;Video;e4;Video
da4c98ec26234ffebf5213cb9bf4dad3;da4c98ec26234ffebf5213cb9bf4dad3;c67ba3e8eca24deebad9ab791bfb5c32;Video;e4;Quiz
da4c98ec26234ffebf5213cb9bf4dad3;3136d5e86b6a4345a1a8081d155f8131;f4117b64241825aae5f904b19e5f9291;Quiz;e4;Other
fb3e939ba21340019f60609649411b72;da4c98ec26234ffebf5213cb9bf4dad3;e2f3e3ddb481bd75ef26d501951d23aa;Other;e188;Video
da4c98ec26234ffebf5213cb9bf4dad3;da4c98ec26234ffebf5213cb9bf4dad3;e2f3e3ddb481bd75ef26d501951d23aa;Video;e188;Video
da4c98ec26234ffebf5213cb9bf4dad3;da4c98ec26234ffebf5213cb9bf4dad3;e2f3e3ddb481bd75ef26d501951d23aa;Video;e188;Video
da4c98ec26234ffebf5213cb9bf4dad3;da4c98ec26234ffebf5213cb9bf4dad3;e2f3e3ddb481bd75ef26d501951d23aa;Video;e188;Video
da4c98ec26234ffebf5213cb9bf4dad3;da4c98ec26234ffebf5213cb9bf4dad3;e2f3e3ddb481bd75ef26d501951d23aa;Video;e188;Video
da4c98ec26234ffebf5213cb9bf4dad3;da4c98ec26234ffebf5213cb9bf4dad3;e2f3e3ddb481bd75ef26d501951d23aa;Video;e188;Video
da4c98ec26234ffebf5213cb9bf4dad3;da4c98ec26234ffebf5213cb9bf4dad3;e2f3e3ddb481bd75ef26d501951d23aa;Video;e188;Video
da4c98ec26234ffebf5213cb9bf4dad3;da4c98ec26234ffebf5213cb9bf4dad3;e2f3e3ddb481bd75ef26d501951d23aa;Video;e188;Video
da4c98ec26234ffebf5213cb9bf4dad3;da4c98ec26234ffebf5213cb9bf4dad3;e2f3e3ddb481bd75ef26d501951d23aa;Video;e188;Video
da4c98ec26234ffebf5213cb9bf4dad3;da4c98ec26234ffebf5213cb9bf4dad3;e2f3e3ddb481bd75ef26d501951d23aa;Video;e188;Video
da4c98ec26234ffebf5213cb9bf4dad3;da4c98ec26234ffebf5213cb9bf4dad3;e2f3e3ddb481bd75ef26d501951d23aa;Video;e188;Video
da4c98ec26234ffebf5213cb9bf4dad3;da4c98ec26234ffebf5213cb9bf4dad3;e2f3e3ddb481bd75ef26d501951d23aa;Video;e188;Video
da4c98ec26234ffebf5213cb9bf4dad3;da4c98ec26234ffebf5213cb9bf4dad3;e2f3e3ddb481bd75ef26d501951d23aa;Video;e188;Video
da4c98ec26234ffebf5213cb9bf4dad3;da4c98ec26234ffebf5213cb9bf4dad3;e2f3e3ddb481bd75ef26d501951d23aa;Video;e188;Video
da4c98ec26234ffebf5213cb9bf4dad3;d2f700a5bb0e49c187a940ddd4e19590;e2f3e3ddb481bd75ef26d501951d23aa;Video;e188;Other
d2f700a5bb0e49c187a940ddd4e19590;da4c98ec26234ffebf5213cb9bf4dad3;e2f3e3ddb481bd75ef26d501951d23aa;Other;e188;Quiz
da4c98ec26234ffebf5213cb9bf4dad3;;e2f3e3ddb481bd75ef26d501951d23aa;Quiz;e188;Other
fb3e939ba21340019f60609649411b72;da4c98ec26234ffebf5213cb9bf4dad3;195df068b8aa26b7ffd2420bc0e90470;Other;e189;Signout
da4c98ec26234ffebf5213cb9bf4dad3;da4c98ec26234ffebf5213cb9bf4dad3;7bc21b57b14f00739ceea9306f8bd56b;Signin;e189;Video
da4c98ec26234ffebf5213cb9bf4dad3;da4c98ec26234ffebf5213cb9bf4dad3;7bc21b57b14f00739ceea9306f8bd56b;Video;e189;Quiz
da4c98ec26234ffebf5213cb9bf4dad3;3136d5e86b6a4345a1a8081d155f8131;7bc21b57b14f00739ceea9306f8bd56b;Quiz;e189;Other
fb3e939ba21340019f60609649411b72;da4c98ec26234ffebf5213cb9bf4dad3;6450a8e57fe0cc2457e8dcedc513b246;Other;e227;Signout
da4c98ec26234ffebf5213cb9bf4dad3;da4c98ec26234ffebf5213cb9bf4dad3;e974477656751eabb7912a04484a10e0;Signin;e227;Video
da4c98ec26234ffebf5213cb9bf4dad3;da4c98ec26234ffebf5213cb9bf4dad3;e974477656751eabb7912a04484a10e0;Video;e227;Video
da4c98ec26234ffebf5213cb9bf4dad3;da4c98ec26234ffebf5213cb9bf4dad3;e974477656751eabb7912a04484a10e0;Video;e227;Video
da4c98ec26234ffebf5213cb9bf4dad3;da4c98ec26234ffebf5213cb9bf4dad3;e974477656751eabb7912a04484a10e0;Video;e227;Video
da4c98ec26234ffebf5213cb9bf4dad3;da4c98ec26234ffebf5213cb9bf4dad3;e974477656751eabb7912a04484a10e0;Video;e227;Video
da4c98ec26234ffebf5213cb9bf4dad3;da4c98ec26234ffebf5213cb9bf4dad3;e974477656751eabb7912a04484a10e0;Video;e227;Video
da4c98ec26234ffebf5213cb9bf4dad3;da4c98ec26234ffebf5213cb9bf4dad3;e974477656751eabb7912a04484a10e0;Video;e227;Video
da4c98ec26234ffebf5213cb9bf4dad3;da4c98ec26234ffebf5213cb9bf4dad3;e974477656751eabb7912a04484a10e0;Video;e227;Video
da4c98ec26234ffebf5213cb9bf4dad3;da4c98ec26234ffebf5213cb9bf4dad3;e974477656751eabb7912a04484a10e0;Video;e227;Video
da4c98ec26234ffebf5213cb9bf4dad3;da4c98ec26234ffebf5213cb9bf4dad3;e974477656751eabb7912a04484a10e0;Video;e227;Video
da4c98ec26234ffebf5213cb9bf4dad3;da4c98ec26234ffebf5213cb9bf4dad3;e974477656751eabb7912a04484a10e0;Video;e227;Video
da4c98ec26234ffebf5213cb9bf4dad3;da4c98ec26234ffebf5213cb9bf4dad3;e974477656751eabb7912a04484a10e0;Video;e227;Video
da4c98ec26234ffebf5213cb9bf4dad3;da4c98ec26234ffebf5213cb9bf4dad3;e974477656751eabb7912a04484a10e0;Video;e227;Video
da4c98ec26234ffebf5213cb9bf4dad3;da4c98ec26234ffebf5213cb9bf4dad3;e974477656751eabb7912a04484a10e0;Video;e227;Video
da4c98ec26234ffebf5213cb9bf4dad3;da4c98ec26234ffebf5213cb9bf4dad3;e974477656751eabb7912a04484a10e0;Video;e227;Video
da4c98ec26234ffebf5213cb9bf4dad3;da4c98ec26234ffebf5213cb9bf4dad3;e974477656751eabb7912a04484a10e0;Video;e227;Video
da4c98ec26234ffebf5213cb9bf4dad3;da4c98ec26234ffebf5213cb9bf4dad3;e974477656751eabb7912a04484a10e0;Video;e227;Video
da4c98ec26234ffebf5213cb9bf4dad3;da4c98ec26234ffebf5213cb9bf4dad3;e974477656751eabb7912a04484a10e0;Video;e227;Video
da4c98ec26234ffebf5213cb9bf4dad3;da4c98ec26234ffebf5213cb9bf4dad3;e974477656751eabb7912a04484a10e0;Video;e227;Video
da4c98ec26234ffebf5213cb9bf4dad3;da4c98ec26234ffebf5213cb9bf4dad3;e974477656751eabb7912a04484a10e0;Video;e227;Video
fb3e939ba21340019f60609649411b72;da4c98ec26234ffebf5213cb9bf4dad3;4ab8024025179f18e7d878ebef55d0f7;Other;e216;Signout
da4c98ec26234ffebf5213cb9bf4dad3;da4c98ec26234ffebf5213cb9bf4dad3;51d3814e5d2e2fa2b54c6035c30e7d0b;Signin;e216;Quiz
da4c98ec26234ffebf5213cb9bf4dad3;d2f700a5bb0e49c187a940ddd4e19590;51d3814e5d2e2fa2b54c6035c30e7d0b;Quiz;e216;Other
fb3e939ba21340019f60609649411b72;da4c98ec26234ffebf5213cb9bf4dad3;56f57de0fd82bd874fbb71f2753d0e6e;Other;e214;Video
da4c98ec26234ffebf5213cb9bf4dad3;da4c98ec26234ffebf5213cb9bf4dad3;56f57de0fd82bd874fbb71f2753d0e6e;Video;e214;Quiz
da4c98ec26234ffebf5213cb9bf4dad3;fb3e939ba21340019f60609649411b72;56f57de0fd82bd874fbb71f2753d0e6e;Quiz;e214;Other
fb3e939ba21340019f60609649411b72;da4c98ec26234ffebf5213cb9bf4dad3;ca3cba42f1e729233b28df6a3a99873c;Other;e213;Signout
da4c98ec26234ffebf5213cb9bf4dad3;da4c98ec26234ffebf5213cb9bf4dad3;e7da1b0aea6f56e8d75142ab25b49f5a;Signin;e213;Quiz
da4c98ec26234ffebf5213cb9bf4dad3;3136d5e86b6a4345a1a8081d155f8131;e7da1b0aea6f56e8d75142ab25b49f5a;Quiz;e213;Other
fb3e939ba21340019f60609649411b72;da4c98ec26234ffebf5213cb9bf4dad3;7300a3bb2b854a4db63b16386f02b1e1;Other;e218;Signout
da4c98ec26234ffebf5213cb9bf4dad3;da4c98ec26234ffebf5213cb9bf4dad3;b6631b6ddc7ee5cc161e6a4f3f6d99a0;Signin;e218;Video
da4c98ec26234ffebf5213cb9bf4dad3;da4c98ec26234ffebf5213cb9bf4dad3;b6631b6ddc7ee5cc161e6a4f3f6d99a0;Video;e218;Video
da4c98ec26234ffebf5213cb9bf4dad3;da4c98ec26234ffebf5213cb9bf4dad3;b6631b6ddc7ee5cc161e6a4f3f6d99a0;Video;e218;Video
da4c98ec26234ffebf5213cb9bf4dad3;da4c98ec26234ffebf5213cb9bf4dad3;b6631b6ddc7ee5cc161e6a4f3f6d99a0;Video;e218;Quiz
da4c98ec26234ffebf5213cb9bf4dad3;d2f700a5bb0e49c187a940ddd4e19590;b6631b6ddc7ee5cc161e6a4f3f6d99a0;Quiz;e218;Other
fb3e939ba21340019f60609649411b72;da4c98ec26234ffebf5213cb9bf4dad3;ebefb53948ce9a9e155626b44f82b657;Other;e354;Signout
da4c98ec26234ffebf5213cb9bf4dad3;da4c98ec26234ffebf5213cb9bf4dad3;e8233375a318fcf46233106808060681;Signin;e354;Video
da4c98ec26234ffebf5213cb9bf4dad3;da4c98ec26234ffebf5213cb9bf4dad3;e8233375a318fcf46233106808060681;Video;e354;Video
da4c98ec26234ffebf5213cb9bf4dad3;da4c98ec26234ffebf5213cb9bf4dad3;e8233375a318fcf46233106808060681;Video;e354;Video
da4c98ec26234ffebf5213cb9bf4dad3;da4c98ec26234ffebf5213cb9bf4dad3;e8233375a318fcf46233106808060681;Video;e354;Video
da4c98ec26234ffebf5213cb9bf4dad3;da4c98ec26234ffebf5213cb9bf4dad3;e8233375a318fcf46233106808060681;Video;e354;Signout
da4c98ec26234ffebf5213cb9bf4dad3;da4c98ec26234ffebf5213cb9bf4dad3;800726c74864a232abf7181c1d68f7ba;Signin;e354;Quiz
da4c98ec26234ffebf5213cb9bf4dad3;3136d5e86b6a4345a1a8081d155f8131;800726c74864a232abf7181c1d68f7ba;Quiz;e354;Other
df13b37d70964faf88cfb44b7a36ac55;da4c98ec26234ffebf5213cb9bf4dad3;d2b1ccbb9c57920a38501f07cc10617b;Other;e199;Signout
da4c98ec26234ffebf5213cb9bf4dad3;da4c98ec26234ffebf5213cb9bf4dad3;573176b805d3d5e0a5b3c5b3168a35ce;Signin;e199;Video
da4c98ec26234ffebf5213cb9bf4dad3;da4c98ec26234ffebf5213cb9bf4dad3;573176b805d3d5e0a5b3c5b3168a35ce;Video;e199;Video
da4c98ec26234ffebf5213cb9bf4dad3;da4c98ec26234ffebf5213cb9bf4dad3;573176b805d3d5e0a5b3c5b3168a35ce;Video;e199;Video
da4c98ec26234ffebf5213cb9bf4dad3;da4c98ec26234ffebf5213cb9bf4dad3;573176b805d3d5e0a5b3c5b3168a35ce;Video;e199;Video
da4c98ec26234ffebf5213cb9bf4dad3;da4c98ec26234ffebf5213cb9bf4dad3;573176b805d3d5e0a5b3c5b3168a35ce;Video;e199;Video
da4c98ec26234ffebf5213cb9bf4dad3;da4c98ec26234ffebf5213cb9bf4dad3;573176b805d3d5e0a5b3c5b3168a35ce;Video;e199;Video
da4c98ec26234ffebf5213cb9bf4dad3;da4c98ec26234ffebf5213cb9bf4dad3;573176b805d3d5e0a5b3c5b3168a35ce;Video;e199;Video
da4c98ec26234ffebf5213cb9bf4dad3;da4c98ec26234ffebf5213cb9bf4dad3;573176b805d3d5e0a5b3c5b3168a35ce;Video;e199;Video
da4c98ec26234ffebf5213cb9bf4dad3;da4c98ec26234ffebf5213cb9bf4dad3;573176b805d3d5e0a5b3c5b3168a35ce;Video;e199;Video
da4c98ec26234ffebf5213cb9bf4dad3;da4c98ec26234ffebf5213cb9bf4dad3;573176b805d3d5e0a5b3c5b3168a35ce;Video;e199;Video
da4c98ec26234ffebf5213cb9bf4dad3;da4c98ec26234ffebf5213cb9bf4dad3;573176b805d3d5e0a5b3c5b3168a35ce;Video;e199;Video
da4c98ec26234ffebf5213cb9bf4dad3;da4c98ec26234ffebf5213cb9bf4dad3;573176b805d3d5e0a5b3c5b3168a35ce;Video;e199;Video
da4c98ec26234ffebf5213cb9bf4dad3;da4c98ec26234ffebf5213cb9bf4dad3;573176b805d3d5e0a5b3c5b3168a35ce;Video;e199;Video
da4c98ec26234ffebf5213cb9bf4dad3;da4c98ec26234ffebf5213cb9bf4dad3;573176b805d3d5e0a5b3c5b3168a35ce;Video;e199;Video
da4c98ec26234ffebf5213cb9bf4dad3;da4c98ec26234ffebf5213cb9bf4dad3;573176b805d3d5e0a5b3c5b3168a35ce;Video;e199;Video
da4c98ec26234ffebf5213cb9bf4dad3;da4c98ec26234ffebf5213cb9bf4dad3;573176b805d3d5e0a5b3c5b3168a35ce;Video;e199;Video
da4c98ec26234ffebf5213cb9bf4dad3;da4c98ec26234ffebf5213cb9bf4dad3;573176b805d3d5e0a5b3c5b3168a35ce;Video;e199;Video
da4c98ec26234ffebf5213cb9bf4dad3;da4c98ec26234ffebf5213cb9bf4dad3;573176b805d3d5e0a5b3c5b3168a35ce;Video;e199;Video
da4c98ec26234ffebf5213cb9bf4dad3;fb3e939ba21340019f60609649411b72;573176b805d3d5e0a5b3c5b3168a35ce;Video;e199;Other
fb3e939ba21340019f60609649411b72;da4c98ec26234ffebf5213cb9bf4dad3;5e572a0b59219ec0f7074fe67d8445d5;Other;e199;Video
da4c98ec26234ffebf5213cb9bf4dad3;da4c98ec26234ffebf5213cb9bf4dad3;5e572a0b59219ec0f7074fe67d8445d5;Video;e199;Video
da4c98ec26234ffebf5213cb9bf4dad3;da4c98ec26234ffebf5213cb9bf4dad3;5e572a0b59219ec0f7074fe67d8445d5;Video;e199;Video
da4c98ec26234ffebf5213cb9bf4dad3;da4c98ec26234ffebf5213cb9bf4dad3;5e572a0b59219ec0f7074fe67d8445d5;Video;e199;Signout
da4c98ec26234ffebf5213cb9bf4dad3;da4c98ec26234ffebf5213cb9bf4dad3;699436bc5a20bd48f056274c0dd99f01;Signin;e199;Quiz
da4c98ec26234ffebf5213cb9bf4dad3;da4c98ec26234ffebf5213cb9bf4dad3;699436bc5a20bd48f056274c0dd99f01;Quiz;e199;Quiz
da4c98ec26234ffebf5213cb9bf4dad3;da4c98ec26234ffebf5213cb9bf4dad3;699436bc5a20bd48f056274c0dd99f01;Quiz;e199;Quiz
da4c98ec26234ffebf5213cb9bf4dad3;da4c98ec26234ffebf5213cb9bf4dad3;699436bc5a20bd48f056274c0dd99f01;Quiz;e199;Quiz
da4c98ec26234ffebf5213cb9bf4dad3;da4c98ec26234ffebf5213cb9bf4dad3;699436bc5a20bd48f056274c0dd99f01;Quiz;e199;Signout
da4c98ec26234ffebf5213cb9bf4dad3;da4c98ec26234ffebf5213cb9bf4dad3;28a9e5ae1bc79117552104b8ab3268ab;Signin;e199;Video
da4c98ec26234ffebf5213cb9bf4dad3;da4c98ec26234ffebf5213cb9bf4dad3;28a9e5ae1bc79117552104b8ab3268ab;Video;e199;Video
da4c98ec26234ffebf5213cb9bf4dad3;da4c98ec26234ffebf5213cb9bf4dad3;28a9e5ae1bc79117552104b8ab3268ab;Video;e199;Quiz
da4c98ec26234ffebf5213cb9bf4dad3;df13b37d70964faf88cfb44b7a36ac55;28a9e5ae1bc79117552104b8ab3268ab;Quiz;e199;Other
fb3e939ba21340019f60609649411b72;da4c98ec26234ffebf5213cb9bf4dad3;5e8965c02795d8c27e7ba7a157805c5c;Other;e222;Quiz
fb3e939ba21340019f60609649411b72;da4c98ec26234ffebf5213cb9bf4dad3;a5b15cd01ce18f81aa14ca92ebd0e4cc;Other;e194;Video
da4c98ec26234ffebf5213cb9bf4dad3;da4c98ec26234ffebf5213cb9bf4dad3;a5b15cd01ce18f81aa14ca92ebd0e4cc;Video;e194;Video
da4c98ec26234ffebf5213cb9bf4dad3;da4c98ec26234ffebf5213cb9bf4dad3;a5b15cd01ce18f81aa14ca92ebd0e4cc;Video;e194;Video
da4c98ec26234ffebf5213cb9bf4dad3;da4c98ec26234ffebf5213cb9bf4dad3;a5b15cd01ce18f81aa14ca92ebd0e4cc;Video;e194;Video
da4c98ec26234ffebf5213cb9bf4dad3;da4c98ec26234ffebf5213cb9bf4dad3;a5b15cd01ce18f81aa14ca92ebd0e4cc;Video;e194;Video
da4c98ec26234ffebf5213cb9bf4dad3;da4c98ec26234ffebf5213cb9bf4dad3;a5b15cd01ce18f81aa14ca92ebd0e4cc;Video;e194;Video
da4c98ec26234ffebf5213cb9bf4dad3;da4c98ec26234ffebf5213cb9bf4dad3;a5b15cd01ce18f81aa14ca92ebd0e4cc;Video;e194;Video
da4c98ec26234ffebf5213cb9bf4dad3;da4c98ec26234ffebf5213cb9bf4dad3;a5b15cd01ce18f81aa14ca92ebd0e4cc;Video;e194;Video
da4c98ec26234ffebf5213cb9bf4dad3;da4c98ec26234ffebf5213cb9bf4dad3;a5b15cd01ce18f81aa14ca92ebd0e4cc;Video;e194;Video
da4c98ec26234ffebf5213cb9bf4dad3;da4c98ec26234ffebf5213cb9bf4dad3;a5b15cd01ce18f81aa14ca92ebd0e4cc;Video;e194;Quiz
da4c98ec26234ffebf5213cb9bf4dad3;3136d5e86b6a4345a1a8081d155f8131;a5b15cd01ce18f81aa14ca92ebd0e4cc;Quiz;e194;Other
fb3e939ba21340019f60609649411b72;da4c98ec26234ffebf5213cb9bf4dad3;c644090a38c6407cdae7c947ee0daab4;Other;e192;Quiz
da4c98ec26234ffebf5213cb9bf4dad3;1d7d5a6b311445069d3cfc4dd0821b98;c644090a38c6407cdae7c947ee0daab4;Quiz;e192;Other
df13b37d70964faf88cfb44b7a36ac55;da4c98ec26234ffebf5213cb9bf4dad3;b7f598d91727d142459bd74138be29e4;Other;e200;Signout
da4c98ec26234ffebf5213cb9bf4dad3;da4c98ec26234ffebf5213cb9bf4dad3;8d1f9c06395797aa97cddb4bbbbe3356;Signin;e200;Video
da4c98ec26234ffebf5213cb9bf4dad3;da4c98ec26234ffebf5213cb9bf4dad3;8d1f9c06395797aa97cddb4bbbbe3356;Video;e200;Video
da4c98ec26234ffebf5213cb9bf4dad3;da4c98ec26234ffebf5213cb9bf4dad3;8d1f9c06395797aa97cddb4bbbbe3356;Video;e200;Video
da4c98ec26234ffebf5213cb9bf4dad3;da4c98ec26234ffebf5213cb9bf4dad3;8d1f9c06395797aa97cddb4bbbbe3356;Video;e200;Video
fb3e939ba21340019f60609649411b72;da4c98ec26234ffebf5213cb9bf4dad3;5e85fc5a1401a136387b5142c3aa0622;Other;e205;Signout
da4c98ec26234ffebf5213cb9bf4dad3;da4c98ec26234ffebf5213cb9bf4dad3;080c25ed53b3aaa9d63b8466fa267e05;Signin;e205;Quiz
da4c98ec26234ffebf5213cb9bf4dad3;d2f700a5bb0e49c187a940ddd4e19590;080c25ed53b3aaa9d63b8466fa267e05;Quiz;e205;Other
fb3e939ba21340019f60609649411b72;da4c98ec26234ffebf5213cb9bf4dad3;57aded6ae4bd3630d4300da759034ffd;Other;e206;Signout
da4c98ec26234ffebf5213cb9bf4dad3;da4c98ec26234ffebf5213cb9bf4dad3;611066ebd6dbd88db1b6fe272c4d5713;Signin;e206;Video
da4c98ec26234ffebf5213cb9bf4dad3;da4c98ec26234ffebf5213cb9bf4dad3;611066ebd6dbd88db1b6fe272c4d5713;Video;e206;Signout
da4c98ec26234ffebf5213cb9bf4dad3;da4c98ec26234ffebf5213cb9bf4dad3;5764df01aacc027d79163d7b72229f4a;Signin;e206;Quiz
da4c98ec26234ffebf5213cb9bf4dad3;da4c98ec26234ffebf5213cb9bf4dad3;5764df01aacc027d79163d7b72229f4a;Quiz;e206;Quiz
da4c98ec26234ffebf5213cb9bf4dad3;da4c98ec26234ffebf5213cb9bf4dad3;5764df01aacc027d79163d7b72229f4a;Quiz;e206;Quiz
da4c98ec26234ffebf5213cb9bf4dad3;da4c98ec26234ffebf5213cb9bf4dad3;5764df01aacc027d79163d7b72229f4a;Quiz;e206;Quiz
da4c98ec26234ffebf5213cb9bf4dad3;da4c98ec26234ffebf5213cb9bf4dad3;5764df01aacc027d79163d7b72229f4a;Quiz;e206;Quiz
da4c98ec26234ffebf5213cb9bf4dad3;da4c98ec26234ffebf5213cb9bf4dad3;5764df01aacc027d79163d7b72229f4a;Quiz;e206;Quiz
da4c98ec26234ffebf5213cb9bf4dad3;da4c98ec26234ffebf5213cb9bf4dad3;5764df01aacc027d79163d7b72229f4a;Quiz;e206;Quiz
da4c98ec26234ffebf5213cb9bf4dad3;d2f700a5bb0e49c187a940ddd4e19590;ce9eddf0cfbaf70da6ef09911f4827ce;Quiz;e206;Other
fb3e939ba21340019f60609649411b72;da4c98ec26234ffebf5213cb9bf4dad3;2e11fbea65dc138530dd582306adedea;Other;e209;Signout
da4c98ec26234ffebf5213cb9bf4dad3;da4c98ec26234ffebf5213cb9bf4dad3;11a29a192b55331f1d423b4375e826ef;Signin;e209;Video
da4c98ec26234ffebf5213cb9bf4dad3;da4c98ec26234ffebf5213cb9bf4dad3;11a29a192b55331f1d423b4375e826ef;Video;e209;Video
da4c98ec26234ffebf5213cb9bf4dad3;da4c98ec26234ffebf5213cb9bf4dad3;11a29a192b55331f1d423b4375e826ef;Video;e209;Video
fb3e939ba21340019f60609649411b72;da4c98ec26234ffebf5213cb9bf4dad3;adb65aaf410b1f1c522047eb9cb7e081;Other;e363;Video
da4c98ec26234ffebf5213cb9bf4dad3;da4c98ec26234ffebf5213cb9bf4dad3;adb65aaf410b1f1c522047eb9cb7e081;Video;e363;Video
da4c98ec26234ffebf5213cb9bf4dad3;da4c98ec26234ffebf5213cb9bf4dad3;adb65aaf410b1f1c522047eb9cb7e081;Video;e363;Video
da4c98ec26234ffebf5213cb9bf4dad3;da4c98ec26234ffebf5213cb9bf4dad3;adb65aaf410b1f1c522047eb9cb7e081;Video;e363;Quiz
da4c98ec26234ffebf5213cb9bf4dad3;3136d5e86b6a4345a1a8081d155f8131;adb65aaf410b1f1c522047eb9cb7e081;Quiz;e363;Other
fb3e939ba21340019f60609649411b72;da4c98ec26234ffebf5213cb9bf4dad3;629e446df3cb074b98e89d8c2972d92e;Other;e272;Signout
da4c98ec26234ffebf5213cb9bf4dad3;da4c98ec26234ffebf5213cb9bf4dad3;17865645eacb6b912389280bf88bf2e5;Signin;e272;Video
da4c98ec26234ffebf5213cb9bf4dad3;da4c98ec26234ffebf5213cb9bf4dad3;17865645eacb6b912389280bf88bf2e5;Video;e272;Video
da4c98ec26234ffebf5213cb9bf4dad3;da4c98ec26234ffebf5213cb9bf4dad3;17865645eacb6b912389280bf88bf2e5;Video;e272;Video
da4c98ec26234ffebf5213cb9bf4dad3;da4c98ec26234ffebf5213cb9bf4dad3;17865645eacb6b912389280bf88bf2e5;Video;e272;Video
da4c98ec26234ffebf5213cb9bf4dad3;da4c98ec26234ffebf5213cb9bf4dad3;17865645eacb6b912389280bf88bf2e5;Video;e272;Signout
da4c98ec26234ffebf5213cb9bf4dad3;da4c98ec26234ffebf5213cb9bf4dad3;dba448f5ff5254e2f355e683f56c5b24;Signin;e272;Quiz
da4c98ec26234ffebf5213cb9bf4dad3;5b849ceb504146e9b2e8a9261f6e1537;dba448f5ff5254e2f355e683f56c5b24;Quiz;e272;Other
fb3e939ba21340019f60609649411b72;da4c98ec26234ffebf5213cb9bf4dad3;da414511b2930b255a16a8f997a3d7b3;Other;e373;Quiz
da4c98ec26234ffebf5213cb9bf4dad3;3136d5e86b6a4345a1a8081d155f8131;da414511b2930b255a16a8f997a3d7b3;Quiz;e373;Other
df13b37d70964faf88cfb44b7a36ac55;da4c98ec26234ffebf5213cb9bf4dad3;790d7079f8ca5ae28a21948c6c09dfb2;Other;e167;Signout
da4c98ec26234ffebf5213cb9bf4dad3;da4c98ec26234ffebf5213cb9bf4dad3;8e2e7f228b3c2f19b31409d8c27c0e87;Signin;e167;Quiz
da4c98ec26234ffebf5213cb9bf4dad3;;8e2e7f228b3c2f19b31409d8c27c0e87;Quiz;e167;Other
fb3e939ba21340019f60609649411b72;da4c98ec26234ffebf5213cb9bf4dad3;ccd628878d60182d8704d92f49b35597;Other;e280;Video
da4c98ec26234ffebf5213cb9bf4dad3;fb3e939ba21340019f60609649411b72;ccd628878d60182d8704d92f49b35597;Video;e280;Other
fb3e939ba21340019f60609649411b72;da4c98ec26234ffebf5213cb9bf4dad3;0a0e7fa1eddcc308f8105b7b780f6065;Other;e280;Signout
fb3e939ba21340019f60609649411b72;da4c98ec26234ffebf5213cb9bf4dad3;14a9174345e7aaef83f3fbc4e339fb1d;Other;e262;Signout
da4c98ec26234ffebf5213cb9bf4dad3;da4c98ec26234ffebf5213cb9bf4dad3;20a5593e966782a357767dfd84f5364f;Signin;e262;Video
da4c98ec26234ffebf5213cb9bf4dad3;da4c98ec26234ffebf5213cb9bf4dad3;20a5593e966782a357767dfd84f5364f;Video;e262;Video
da4c98ec26234ffebf5213cb9bf4dad3;da4c98ec26234ffebf5213cb9bf4dad3;20a5593e966782a357767dfd84f5364f;Video;e262;Video
da4c98ec26234ffebf5213cb9bf4dad3;da4c98ec26234ffebf5213cb9bf4dad3;20a5593e966782a357767dfd84f5364f;Video;e262;Video
da4c98ec26234ffebf5213cb9bf4dad3;da4c98ec26234ffebf5213cb9bf4dad3;20a5593e966782a357767dfd84f5364f;Video;e262;Video
da4c98ec26234ffebf5213cb9bf4dad3;da4c98ec26234ffebf5213cb9bf4dad3;20a5593e966782a357767dfd84f5364f;Video;e262;Video
da4c98ec26234ffebf5213cb9bf4dad3;da4c98ec26234ffebf5213cb9bf4dad3;20a5593e966782a357767dfd84f5364f;Video;e262;Video
da4c98ec26234ffebf5213cb9bf4dad3;da4c98ec26234ffebf5213cb9bf4dad3;20a5593e966782a357767dfd84f5364f;Video;e262;Video
da4c98ec26234ffebf5213cb9bf4dad3;da4c98ec26234ffebf5213cb9bf4dad3;20a5593e966782a357767dfd84f5364f;Video;e262;Video
da4c98ec26234ffebf5213cb9bf4dad3;da4c98ec26234ffebf5213cb9bf4dad3;20a5593e966782a357767dfd84f5364f;Video;e262;Video
da4c98ec26234ffebf5213cb9bf4dad3;da4c98ec26234ffebf5213cb9bf4dad3;20a5593e966782a357767dfd84f5364f;Video;e262;Video
da4c98ec26234ffebf5213cb9bf4dad3;da4c98ec26234ffebf5213cb9bf4dad3;20a5593e966782a357767dfd84f5364f;Video;e262;Video
da4c98ec26234ffebf5213cb9bf4dad3;da4c98ec26234ffebf5213cb9bf4dad3;20a5593e966782a357767dfd84f5364f;Video;e262;Video
da4c98ec26234ffebf5213cb9bf4dad3;da4c98ec26234ffebf5213cb9bf4dad3;20a5593e966782a357767dfd84f5364f;Video;e262;Quiz
da4c98ec26234ffebf5213cb9bf4dad3;d2f700a5bb0e49c187a940ddd4e19590;20a5593e966782a357767dfd84f5364f;Quiz;e262;Other
fb3e939ba21340019f60609649411b72;da4c98ec26234ffebf5213cb9bf4dad3;4d835f165d88cecb29c68e8ec3757f03;Other;e173;Signout
da4c98ec26234ffebf5213cb9bf4dad3;da4c98ec26234ffebf5213cb9bf4dad3;bdfc21fb07e119d2e419095febe87907;Signin;e173;Quiz
da4c98ec26234ffebf5213cb9bf4dad3;;bdfc21fb07e119d2e419095febe87907;Quiz;e173;Other
fb3e939ba21340019f60609649411b72;da4c98ec26234ffebf5213cb9bf4dad3;bd81fa73c0679f2622446b5702f993c3;Other;e172;Signout
da4c98ec26234ffebf5213cb9bf4dad3;da4c98ec26234ffebf5213cb9bf4dad3;b450d2d55bc3e27ce9b50e13d808cedc;Signin;e172;Video
da4c98ec26234ffebf5213cb9bf4dad3;da4c98ec26234ffebf5213cb9bf4dad3;b450d2d55bc3e27ce9b50e13d808cedc;Video;e172;Video
da4c98ec26234ffebf5213cb9bf4dad3;da4c98ec26234ffebf5213cb9bf4dad3;b450d2d55bc3e27ce9b50e13d808cedc;Video;e172;Video
da4c98ec26234ffebf5213cb9bf4dad3;da4c98ec26234ffebf5213cb9bf4dad3;b450d2d55bc3e27ce9b50e13d808cedc;Video;e172;Video
da4c98ec26234ffebf5213cb9bf4dad3;da4c98ec26234ffebf5213cb9bf4dad3;b450d2d55bc3e27ce9b50e13d808cedc;Video;e172;Video
da4c98ec26234ffebf5213cb9bf4dad3;da4c98ec26234ffebf5213cb9bf4dad3;b450d2d55bc3e27ce9b50e13d808cedc;Video;e172;Video
da4c98ec26234ffebf5213cb9bf4dad3;da4c98ec26234ffebf5213cb9bf4dad3;b450d2d55bc3e27ce9b50e13d808cedc;Video;e172;Video
da4c98ec26234ffebf5213cb9bf4dad3;da4c98ec26234ffebf5213cb9bf4dad3;b450d2d55bc3e27ce9b50e13d808cedc;Video;e172;Video
da4c98ec26234ffebf5213cb9bf4dad3;da4c98ec26234ffebf5213cb9bf4dad3;b450d2d55bc3e27ce9b50e13d808cedc;Video;e172;Video
da4c98ec26234ffebf5213cb9bf4dad3;da4c98ec26234ffebf5213cb9bf4dad3;b450d2d55bc3e27ce9b50e13d808cedc;Video;e172;Video
fb3e939ba21340019f60609649411b72;da4c98ec26234ffebf5213cb9bf4dad3;db1047d6f9f35d626e6dd2803e15b3fc;Other;e171;Video
da4c98ec26234ffebf5213cb9bf4dad3;da4c98ec26234ffebf5213cb9bf4dad3;db1047d6f9f35d626e6dd2803e15b3fc;Video;e171;Video
da4c98ec26234ffebf5213cb9bf4dad3;da4c98ec26234ffebf5213cb9bf4dad3;db1047d6f9f35d626e6dd2803e15b3fc;Video;e171;Video
da4c98ec26234ffebf5213cb9bf4dad3;da4c98ec26234ffebf5213cb9bf4dad3;db1047d6f9f35d626e6dd2803e15b3fc;Video;e171;Video
da4c98ec26234ffebf5213cb9bf4dad3;da4c98ec26234ffebf5213cb9bf4dad3;db1047d6f9f35d626e6dd2803e15b3fc;Video;e171;Video
da4c98ec26234ffebf5213cb9bf4dad3;da4c98ec26234ffebf5213cb9bf4dad3;db1047d6f9f35d626e6dd2803e15b3fc;Video;e171;Video
da4c98ec26234ffebf5213cb9bf4dad3;da4c98ec26234ffebf5213cb9bf4dad3;db1047d6f9f35d626e6dd2803e15b3fc;Video;e171;Video
da4c98ec26234ffebf5213cb9bf4dad3;da4c98ec26234ffebf5213cb9bf4dad3;db1047d6f9f35d626e6dd2803e15b3fc;Video;e171;Video
da4c98ec26234ffebf5213cb9bf4dad3;da4c98ec26234ffebf5213cb9bf4dad3;db1047d6f9f35d626e6dd2803e15b3fc;Video;e171;Video
da4c98ec26234ffebf5213cb9bf4dad3;da4c98ec26234ffebf5213cb9bf4dad3;db1047d6f9f35d626e6dd2803e15b3fc;Video;e171;Video
da4c98ec26234ffebf5213cb9bf4dad3;da4c98ec26234ffebf5213cb9bf4dad3;db1047d6f9f35d626e6dd2803e15b3fc;Video;e171;Video
da4c98ec26234ffebf5213cb9bf4dad3;da4c98ec26234ffebf5213cb9bf4dad3;db1047d6f9f35d626e6dd2803e15b3fc;Video;e171;Video
da4c98ec26234ffebf5213cb9bf4dad3;da4c98ec26234ffebf5213cb9bf4dad3;db1047d6f9f35d626e6dd2803e15b3fc;Video;e171;Video
da4c98ec26234ffebf5213cb9bf4dad3;da4c98ec26234ffebf5213cb9bf4dad3;db1047d6f9f35d626e6dd2803e15b3fc;Video;e171;Video
da4c98ec26234ffebf5213cb9bf4dad3;da4c98ec26234ffebf5213cb9bf4dad3;db1047d6f9f35d626e6dd2803e15b3fc;Video;e171;Video
da4c98ec26234ffebf5213cb9bf4dad3;da4c98ec26234ffebf5213cb9bf4dad3;db1047d6f9f35d626e6dd2803e15b3fc;Video;e171;Video
d2f700a5bb0e49c187a940ddd4e19590;da4c98ec26234ffebf5213cb9bf4dad3;6d432c830a3245f3d1a7b6586ba3b354;Other;e176;Signout
da4c98ec26234ffebf5213cb9bf4dad3;da4c98ec26234ffebf5213cb9bf4dad3;b44d95f773c3aea66e910d01123a28da;Signin;e176;Video
da4c98ec26234ffebf5213cb9bf4dad3;da4c98ec26234ffebf5213cb9bf4dad3;b44d95f773c3aea66e910d01123a28da;Video;e176;Video
da4c98ec26234ffebf5213cb9bf4dad3;d2f700a5bb0e49c187a940ddd4e19590;b44d95f773c3aea66e910d01123a28da;Video;e176;Other
fb3e939ba21340019f60609649411b72;da4c98ec26234ffebf5213cb9bf4dad3;1a16e01db13a6ddefbbace5e86b03793;Other;e176;Signout
da4c98ec26234ffebf5213cb9bf4dad3;da4c98ec26234ffebf5213cb9bf4dad3;e86e5e7e74dbe3b2691a5f906a5b4ce1;Signin;e176;Video
da4c98ec26234ffebf5213cb9bf4dad3;da4c98ec26234ffebf5213cb9bf4dad3;e86e5e7e74dbe3b2691a5f906a5b4ce1;Video;e176;Video
da4c98ec26234ffebf5213cb9bf4dad3;da4c98ec26234ffebf5213cb9bf4dad3;e86e5e7e74dbe3b2691a5f906a5b4ce1;Video;e176;Video
da4c98ec26234ffebf5213cb9bf4dad3;da4c98ec26234ffebf5213cb9bf4dad3;e86e5e7e74dbe3b2691a5f906a5b4ce1;Video;e176;Video
fb3e939ba21340019f60609649411b72;da4c98ec26234ffebf5213cb9bf4dad3;c0ececc8d177abf4578e134d8a9e2180;Other;e179;Video
da4c98ec26234ffebf5213cb9bf4dad3;da4c98ec26234ffebf5213cb9bf4dad3;c0ececc8d177abf4578e134d8a9e2180;Video;e179;Video
da4c98ec26234ffebf5213cb9bf4dad3;da4c98ec26234ffebf5213cb9bf4dad3;c0ececc8d177abf4578e134d8a9e2180;Video;e179;Video
da4c98ec26234ffebf5213cb9bf4dad3;da4c98ec26234ffebf5213cb9bf4dad3;c0ececc8d177abf4578e134d8a9e2180;Video;e179;Video
da4c98ec26234ffebf5213cb9bf4dad3;da4c98ec26234ffebf5213cb9bf4dad3;c0ececc8d177abf4578e134d8a9e2180;Video;e179;Video
da4c98ec26234ffebf5213cb9bf4dad3;da4c98ec26234ffebf5213cb9bf4dad3;c0ececc8d177abf4578e134d8a9e2180;Video;e179;Video
da4c98ec26234ffebf5213cb9bf4dad3;da4c98ec26234ffebf5213cb9bf4dad3;c0ececc8d177abf4578e134d8a9e2180;Video;e179;Quiz
da4c98ec26234ffebf5213cb9bf4dad3;3136d5e86b6a4345a1a8081d155f8131;c0ececc8d177abf4578e134d8a9e2180;Quiz;e179;Other
fb3e939ba21340019f60609649411b72;da4c98ec26234ffebf5213cb9bf4dad3;7822586fd8b3679229a2e11220d94e6d;Other;e178;Signout
da4c98ec26234ffebf5213cb9bf4dad3;da4c98ec26234ffebf5213cb9bf4dad3;e08e9f10ddd4469b04b28a3242233076;Signin;e178;Quiz
da4c98ec26234ffebf5213cb9bf4dad3;1d7d5a6b311445069d3cfc4dd0821b98;e08e9f10ddd4469b04b28a3242233076;Quiz;e178;Other
1d7d5a6b311445069d3cfc4dd0821b98;da4c98ec26234ffebf5213cb9bf4dad3;360bdc78117ebb4beee5f077ad609684;Other;e178;Signout
da4c98ec26234ffebf5213cb9bf4dad3;da4c98ec26234ffebf5213cb9bf4dad3;7822586fd8b3679229a2e11220d94e6d;Signin;e178;Video
da4c98ec26234ffebf5213cb9bf4dad3;da4c98ec26234ffebf5213cb9bf4dad3;7822586fd8b3679229a2e11220d94e6d;Video;e178;Video
da4c98ec26234ffebf5213cb9bf4dad3;da4c98ec26234ffebf5213cb9bf4dad3;7822586fd8b3679229a2e11220d94e6d;Video;e178;Video
da4c98ec26234ffebf5213cb9bf4dad3;da4c98ec26234ffebf5213cb9bf4dad3;7822586fd8b3679229a2e11220d94e6d;Video;e178;Video
da4c98ec26234ffebf5213cb9bf4dad3;da4c98ec26234ffebf5213cb9bf4dad3;7822586fd8b3679229a2e11220d94e6d;Video;e178;Video
da4c98ec26234ffebf5213cb9bf4dad3;da4c98ec26234ffebf5213cb9bf4dad3;7822586fd8b3679229a2e11220d94e6d;Video;e178;Video
da4c98ec26234ffebf5213cb9bf4dad3;da4c98ec26234ffebf5213cb9bf4dad3;7822586fd8b3679229a2e11220d94e6d;Video;e178;Video
da4c98ec26234ffebf5213cb9bf4dad3;da4c98ec26234ffebf5213cb9bf4dad3;7822586fd8b3679229a2e11220d94e6d;Video;e178;Video
